n,p,seed_data_gen,beta_sig2
500,25,27121996,0.20833333
500,25,27121996,0.22916667
500,25,27121996,0.25000000
